Select ,CRN ,Subj ,Crse ,Sec ,Cmp ,Cred ,Part of Term ,Title ,Days ,Time ,Cap ,Act ,Rem ,Instructor ,Date (MM/DD) ,Location ,Attribute
SR ,11517,CSCE ,101,1,COL ,3,30 - Columbia Full Term ,Introduction to Computer Concepts ,MW ,08:30 am-09:20 am ,24,22,2,Phani Krishna Penumarthi (P) ,08/24-12/08 ,SMWALT 305 ,ARP Analytical Reasoning
  ,  ,  ,  ,  ,  ,  ,  ,  ,F ,08:30 am-09:20 am ,  ,  ,  ,Bharat Joshi ,08/24-12/08 ,SMWALT 244 ,ARP Analytical Reasoning
SR ,11519,CSCE ,101,2,COL ,3,30 - Columbia Full Term ,Introduction to Computer Concepts ,MW ,08:30 am-09:20 am ,24,3,21,Phani Krishna Penumarthi (P) ,08/24-12/08 ,SMWALT 305 ,ARP Analytical Reasoning
  ,  ,  ,  ,  ,  ,  ,  ,  ,F ,09:40 am-10:30 am ,  ,  ,  ,Alaleh Torkjazi ,08/24-12/08 ,SMWALT 244 ,ARP Analytical Reasoning
SR ,11522,CSCE ,101,3,COL ,3,30 - Columbia Full Term ,Introduction to Computer Concepts ,MW ,08:30 am-09:20 am ,24,11,13,Phani Krishna Penumarthi (P) ,08/24-12/08 ,SMWALT 305 ,ARP Analytical Reasoning
  ,  ,  ,  ,  ,  ,  ,  ,  ,R ,08:30 am-09:20 am ,  ,  ,  ,Bharat Joshi ,08/24-12/08 ,SMWALT 244 ,ARP Analytical Reasoning
SR ,11527,CSCE ,101,4,COL ,3,30 - Columbia Full Term ,Introduction to Computer Concepts ,MW ,10:50 am-11:40 am ,24,15,9,Alaleh Torkjazi (P) ,08/24-12/08 ,SMWALT 305 ,ARP Analytical Reasoning
  ,  ,  ,  ,  ,  ,  ,  ,  ,F ,03:30 pm-04:20 pm ,  ,  ,  ,TBA ,08/24-12/08 ,SMWALT 244 ,ARP Analytical Reasoning
C ,11529,CSCE ,101,5,COL ,3,30 - Columbia Full Term ,Introduction to Computer Concepts ,MW ,10:50 am-11:40 am ,24,24,0,Alaleh Torkjazi (P) ,08/24-12/08 ,SMWALT 305 ,ARP Analytical Reasoning
  ,  ,  ,  ,  ,  ,  ,  ,  ,F ,10:50 am-11:40 am ,  ,  ,  ,Alaleh Torkjazi (P) ,08/24-12/08 ,SMWALT 244 ,ARP Analytical Reasoning
SR ,11530,CSCE ,101,6,COL ,3,30 - Columbia Full Term ,Introduction to Computer Concepts ,MW ,10:50 am-11:40 am ,24,23,1,Alaleh Torkjazi (P) ,08/24-12/08 ,SMWALT 305 ,ARP Analytical Reasoning
  ,  ,  ,  ,  ,  ,  ,  ,  ,R ,11:40 am-12:30 pm ,  ,  ,  ,Alaleh Torkjazi (P) ,08/24-12/08 ,SMWALT 244 ,ARP Analytical Reasoning
SR ,11534,CSCE ,101,7,COL ,3,30 - Columbia Full Term ,Introduction to Computer Concepts ,MW ,01:10 pm-02:00 pm ,24,11,13,Yang Mi (P) ,08/24-12/08 ,SMWALT 305 ,ARP Analytical Reasoning
  ,  ,  ,  ,  ,  ,  ,  ,  ,F ,12:00 pm-12:50 pm ,  ,  ,  ,Yang Mi (P) ,08/24-12/08 ,SMWALT 244 ,ARP Analytical Reasoning
SR ,11537,CSCE ,101,8,COL ,3,30 - Columbia Full Term ,Introduction to Computer Concepts ,MW ,01:10 pm-02:00 pm ,24,22,2,Yang Mi (P) ,08/24-12/08 ,SMWALT 305 ,ARP Analytical Reasoning
  ,  ,  ,  ,  ,  ,  ,  ,  ,F ,01:10 pm-02:00 pm ,  ,  ,  ,Yang Mi (P) ,08/24-12/08 ,SMWALT 244 ,ARP Analytical Reasoning
SR ,11540,CSCE ,101,9,COL ,3,30 - Columbia Full Term ,Introduction to Computer Concepts ,MW ,01:10 pm-02:00 pm ,24,21,3,Yang Mi (P) ,08/24-12/08 ,SMWALT 305 ,ARP Analytical Reasoning
  ,  ,  ,  ,  ,  ,  ,  ,  ,R ,01:15 pm-02:05 pm ,  ,  ,  ,Yang Mi (P) ,08/24-12/08 ,SMWALT 244 ,ARP Analytical Reasoning
SR ,11545,CSCE ,101,10,COL ,3,30 - Columbia Full Term ,Introduction to Computer Concepts ,MW ,03:30 pm-04:20 pm ,24,7,17,Yugendhar Reddy Sarabudla (P) ,08/24-12/08 ,SMWALT 305 ,ARP Analytical Reasoning
  ,  ,  ,  ,  ,  ,  ,  ,  ,F ,02:20 pm-03:10 pm ,  ,  ,  ,Yugendhar Reddy Sarabudla (P) ,08/24-12/08 ,SMWALT 244 ,ARP Analytical Reasoning
SR ,11550,CSCE ,101,11,COL ,3,30 - Columbia Full Term ,Introduction to Computer Concepts ,MW ,03:30 pm-04:20 pm ,24,5,19,Yugendhar Reddy Sarabudla (P) ,08/24-12/08 ,SMWALT 305 ,ARP Analytical Reasoning
  ,  ,  ,  ,  ,  ,  ,  ,  ,R ,04:25 pm-05:15 pm ,  ,  ,  ,Yugendhar Reddy Sarabudla (P) ,08/24-12/08 ,SMWALT 244 ,ARP Analytical Reasoning
SR ,11552,CSCE ,101,12,COL ,3,30 - Columbia Full Term ,Introduction to Computer Concepts ,TR ,10:05 am-10:55 am ,24,12,12,Natasha Delahunt (P) ,08/24-12/08 ,SMWALT 305 ,ARP Analytical Reasoning
  ,  ,  ,  ,  ,  ,  ,  ,  ,W ,08:30 am-09:20 am ,  ,  ,  ,Natasha Delahunt (P) ,08/24-12/08 ,SMWALT 244 ,ARP Analytical Reasoning
SR ,11562,CSCE ,101,13,COL ,3,30 - Columbia Full Term ,Introduction to Computer Concepts ,TR ,10:05 am-10:55 am ,24,16,8,Natasha Delahunt (P) ,08/24-12/08 ,SMWALT 305 ,ARP Analytical Reasoning
  ,  ,  ,  ,  ,  ,  ,  ,  ,W ,09:40 am-10:30 am ,  ,  ,  ,Natasha Delahunt (P) ,08/24-12/08 ,SMWALT 244 ,ARP Analytical Reasoning
C ,11572,CSCE ,101,14,COL ,3,30 - Columbia Full Term ,Introduction to Computer Concepts ,TR ,10:05 am-10:55 am ,24,24,0,Natasha Delahunt (P) ,08/24-12/08 ,SMWALT 305 ,ARP Analytical Reasoning
  ,  ,  ,  ,  ,  ,  ,  ,  ,W ,10:50 am-11:40 am ,  ,  ,  ,Natasha Delahunt (P) ,08/24-12/08 ,SMWALT 244 ,ARP Analytical Reasoning
SR ,11574,CSCE ,101,15,COL ,3,30 - Columbia Full Term ,Introduction to Computer Concepts ,TR ,02:50 pm-03:40 pm ,24,23,1,Natasha Delahunt (P) ,08/24-12/08 ,SMWALT 305 ,ARP Analytical Reasoning
  ,  ,  ,  ,  ,  ,  ,  ,  ,W ,01:10 pm-02:00 pm ,  ,  ,  ,Natasha Delahunt (P) ,08/24-12/08 ,SMWALT 244 ,ARP Analytical Reasoning
SR ,11598,CSCE ,101,16,COL ,3,30 - Columbia Full Term ,Introduction to Computer Concepts ,TR ,02:50 pm-03:40 pm ,24,14,10,Natasha Delahunt (P) ,08/24-12/08 ,SMWALT 305 ,ARP Analytical Reasoning
  ,  ,  ,  ,  ,  ,  ,  ,  ,W ,02:20 pm-03:10 pm ,  ,  ,  ,Natasha Delahunt (P) ,08/24-12/08 ,SMWALT 244 ,ARP Analytical Reasoning
SR ,24654,CSCE ,101,17,COL ,3,30 - Columbia Full Term ,Introduction to Computer Concepts ,MW ,03:30 pm-04:20 pm ,24,5,19,Yugendhar Reddy Sarabudla (P) ,08/24-12/08 ,SMWALT 305 ,ARP Analytical Reasoning
  ,  ,  ,  ,  ,  ,  ,  ,  ,R ,03:30 pm-04:20 pm ,  ,  ,  ,Phani Krishna Penumarthi ,08/24-12/08 ,SMWALT 244 ,ARP Analytical Reasoning
C ,23511,CSCE ,101,Z1A ,COL ,3,3B7 - Columbia ,Introduction to Computer Concepts ,  ,TBA ,15,15,0,James Orren McKay (P) ,08/28-10/17 ,WEB COLUMBIA ,ARP Analytical Reasoning and Ft. Jackson Location
C ,11701,CSCE ,102,1,COL ,3,30 - Columbia Full Term ,General Applications Programming ,MW ,09:40 am-10:30 am ,24,24,0,Catherine T Matthews (P) ,08/24-12/08 ,SMWALT 305 ,ARP Analytical Reasoning
  ,  ,  ,  ,  ,  ,  ,  ,  ,F ,08:30 am-09:20 am ,  ,  ,  ,Adem Coskun ,08/24-12/08 ,SMWALT 361 ,ARP Analytical Reasoning
C ,11702,CSCE ,102,2,COL ,3,30 - Columbia Full Term ,General Applications Programming ,MW ,09:40 am-10:30 am ,24,25,-1,Catherine T Matthews (P) ,08/24-12/08 ,SMWALT 305 ,ARP Analytical Reasoning
  ,  ,  ,  ,  ,  ,  ,  ,  ,F ,09:40 am-10:30 am ,  ,  ,  ,Alireza Nasiri ,08/24-12/08 ,SMWALT 361 ,ARP Analytical Reasoning
C ,11703,CSCE ,102,3,COL ,3,30 - Columbia Full Term ,General Applications Programming ,MW ,09:40 am-10:30 am ,24,23,1,Catherine T Matthews (P) ,08/24-12/08 ,SMWALT 305 ,ARP Analytical Reasoning
  ,  ,  ,  ,  ,  ,  ,  ,  ,R ,10:05 am-10:50 am ,  ,  ,  ,Md Modasshir ,08/24-12/08 ,SMWALT 361 ,ARP Analytical Reasoning
SR ,11704,CSCE ,102,4,COL ,3,30 - Columbia Full Term ,General Applications Programming ,MW ,12:00 pm-12:50 pm ,24,22,2,Alireza Nasiri (P) ,08/24-12/08 ,SMWALT 305 ,ARP Analytical Reasoning
  ,  ,  ,  ,  ,  ,  ,  ,  ,F ,10:50 am-11:40 am ,  ,  ,  ,Jing Wang ,08/24-12/08 ,SMWALT 361 ,ARP Analytical Reasoning
C ,11705,CSCE ,102,5,COL ,3,30 - Columbia Full Term ,General Applications Programming ,MW ,12:00 pm-12:50 pm ,24,24,0,Alireza Nasiri (P) ,08/24-12/08 ,SMWALT 305 ,ARP Analytical Reasoning
  ,  ,  ,  ,  ,  ,  ,  ,  ,F ,12:00 pm-12:50 pm ,  ,  ,  ,Taylor Aldon Morris ,08/24-12/08 ,SMWALT 361 ,ARP Analytical Reasoning
C ,11707,CSCE ,102,6,COL ,3,30 - Columbia Full Term ,General Applications Programming ,MW ,12:00 pm-12:50 pm ,24,25,-1,Alireza Nasiri (P) ,08/24-12/08 ,SMWALT 305 ,ARP Analytical Reasoning
  ,  ,  ,  ,  ,  ,  ,  ,  ,R ,11:40 am-12:30 pm ,  ,  ,  ,Adem Coskun ,08/24-12/08 ,SMWALT 361 ,ARP Analytical Reasoning
C ,11710,CSCE ,102,7,COL ,3,30 - Columbia Full Term ,General Applications Programming ,MW ,02:20 pm-03:10 pm ,24,24,0,Catherine T Matthews (P) ,08/24-12/08 ,SMWALT 305 ,ARP Analytical Reasoning
  ,  ,  ,  ,  ,  ,  ,  ,  ,F ,01:10 pm-02:00 pm ,  ,  ,  ,Jing Wang ,08/24-12/08 ,SMWALT 361 ,ARP Analytical Reasoning
SR ,11713,CSCE ,102,8,COL ,3,30 - Columbia Full Term ,General Applications Programming ,MW ,02:20 pm-03:10 pm ,24,23,1,Catherine T Matthews (P) ,08/24-12/08 ,SMWALT 305 ,ARP Analytical Reasoning
  ,  ,  ,  ,  ,  ,  ,  ,  ,F ,02:20 pm-03:10 pm ,  ,  ,  ,Xian Wu ,08/24-12/08 ,SMWALT 361 ,ARP Analytical Reasoning
C ,11717,CSCE ,102,9,COL ,3,30 - Columbia Full Term ,General Applications Programming ,MW ,02:20 pm-03:10 pm ,24,24,0,Catherine T Matthews (P) ,08/24-12/08 ,SMWALT 305 ,ARP Analytical Reasoning
  ,  ,  ,  ,  ,  ,  ,  ,  ,R ,02:50 pm-03:40 pm ,  ,  ,  ,Adem Coskun ,08/24-12/08 ,SMWALT 361 ,ARP Analytical Reasoning
C ,11721,CSCE ,102,10,COL ,3,30 - Columbia Full Term ,General Applications Programming ,TR ,11:40 am-12:30 pm ,24,23,1,TBA ,08/24-12/08 ,SMWALT 305 ,ARP Analytical Reasoning
  ,  ,  ,  ,  ,  ,  ,  ,  ,W ,12:00 pm-12:50 pm ,  ,  ,  ,TBA ,08/24-12/08 ,SMWALT 361 ,ARP Analytical Reasoning
C ,11722,CSCE ,102,11,COL ,3,30 - Columbia Full Term ,General Applications Programming ,TR ,11:40 am-12:30 pm ,24,24,0,TBA ,08/24-12/08 ,SMWALT 305 ,ARP Analytical Reasoning
  ,  ,  ,  ,  ,  ,  ,  ,  ,W ,01:10 pm-02:00 pm ,  ,  ,  ,TBA ,08/24-12/08 ,SMWALT 361 ,ARP Analytical Reasoning
C ,11724,CSCE ,102,12,COL ,3,30 - Columbia Full Term ,General Applications Programming ,TR ,11:40 am-12:30 pm ,23,24,-1,TBA ,08/24-12/08 ,SMWALT 305 ,ARP Analytical Reasoning
  ,  ,  ,  ,  ,  ,  ,  ,  ,W ,02:20 pm-03:10 pm ,  ,  ,  ,TBA ,08/24-12/08 ,SMWALT 361 ,ARP Analytical Reasoning
SR ,11725,CSCE ,102,13,COL ,3,30 - Columbia Full Term ,General Applications Programming ,TR ,06:40 pm-07:30 pm ,24,18,6,TBA ,08/24-12/08 ,SMWALT 305 ,ARP Analytical Reasoning
  ,  ,  ,  ,  ,  ,  ,  ,  ,T ,05:30 pm-06:20 pm ,  ,  ,  ,TBA ,08/24-12/08 ,SMWALT 361 ,ARP Analytical Reasoning
SR ,11726,CSCE ,102,14,COL ,3,30 - Columbia Full Term ,General Applications Programming ,TR ,06:40 pm-07:30 pm ,24,13,11,TBA ,08/24-12/08 ,SMWALT 305 ,ARP Analytical Reasoning
  ,  ,  ,  ,  ,  ,  ,  ,  ,W ,05:30 pm-06:20 pm ,  ,  ,  ,TBA ,08/24-12/08 ,SMWALT 361 ,ARP Analytical Reasoning
SR ,11728,CSCE ,102,15,COL ,3,30 - Columbia Full Term ,General Applications Programming ,TR ,06:40 pm-07:30 pm ,24,12,12,TBA ,08/24-12/08 ,SMWALT 305 ,ARP Analytical Reasoning
  ,  ,  ,  ,  ,  ,  ,  ,  ,R ,05:30 pm-06:20 pm ,  ,  ,  ,TBA ,08/24-12/08 ,SMWALT 361 ,ARP Analytical Reasoning
SR ,11729,CSCE ,102,16,COL ,3,30 - Columbia Full Term ,General Applications Programming ,TR ,05:30 pm-06:20 pm ,24,10,14,TBA ,08/24-12/08 ,SMWALT 305 ,ARP Analytical Reasoning
  ,  ,  ,  ,  ,  ,  ,  ,  ,T ,07:00 pm-07:50 pm ,  ,  ,  ,TBA ,08/24-12/08 ,SMWALT 361 ,ARP Analytical Reasoning
SR ,20949,CSCE ,102,17,COL ,3,30 - Columbia Full Term ,General Applications Programming ,TR ,05:30 pm-06:20 pm ,24,6,18,TBA ,08/24-12/08 ,SMWALT 305 ,ARP Analytical Reasoning
  ,  ,  ,  ,  ,  ,  ,  ,  ,W ,07:00 pm-07:50 pm ,  ,  ,  ,TBA ,08/24-12/08 ,SMWALT 361 ,ARP Analytical Reasoning
SR ,22383,CSCE ,102,18,COL ,3,30 - Columbia Full Term ,General Applications Programming ,TR ,05:30 pm-06:20 pm ,24,3,21,TBA ,08/24-12/08 ,SMWALT 305 ,ARP Analytical Reasoning
  ,  ,  ,  ,  ,  ,  ,  ,  ,R ,07:00 pm-07:50 pm ,  ,  ,  ,TBA ,08/24-12/08 ,SMWALT 361 ,ARP Analytical Reasoning
C ,23509,CSCE ,102,Z1A ,COL ,3,3B7 - Columbia ,General Applications Programming ,  ,TBA ,15,15,0,James Orren McKay (P) ,08/28-10/17 ,WEB COLUMBIA ,ARP Analytical Reasoning and Ft. Jackson Location
C ,23107,CSCE ,102,Z1B ,COL ,3,3B8 - Columbia ,General Applications Programming ,  ,TBA ,15,15,0,James Orren McKay (P) ,10/23-12/12 ,WEB COLUMBIA ,ARP Analytical Reasoning and Ft. Jackson Location
SR ,25910,CSCE ,102,Z2B ,COL ,3,3B8 - Columbia ,General Applications Programming ,TR ,05:20 pm-07:50 pm ,15,1,14,James Orren McKay (P) ,10/23-12/12 ,FJAC 1 ,ARP Analytical Reasoning and Ft. Jackson Location
C ,11742,CSCE ,145,1,COL ,4,30 - Columbia Full Term ,Algorithmic Design I ,MW ,08:30 am-09:20 am ,24,24,0,Jeremiah Jeffrey Shepherd (P) ,08/24-12/08 ,SWGN 1C01 ,ARP Analytical Reasoning
  ,  ,  ,  ,  ,  ,  ,  ,  ,TR ,08:00 am-09:40 am ,  ,  ,  ,Jeremiah Jeffrey Shepherd (P) ,08/24-12/08 ,SWGN 1D11 ,ARP Analytical Reasoning
SR ,11743,CSCE ,145,3,COL ,4,30 - Columbia Full Term ,Algorithmic Design I ,MW ,08:30 am-09:20 am ,24,23,1,Jeremiah Jeffrey Shepherd (P) ,08/24-12/08 ,SWGN 1C01 ,ARP Analytical Reasoning
  ,  ,  ,  ,  ,  ,  ,  ,  ,TR ,10:00 am-11:40 am ,  ,  ,  ,Jeremiah Jeffrey Shepherd (P) ,08/24-12/08 ,SWGN 1D11 ,ARP Analytical Reasoning
C ,11744,CSCE ,145,4,COL ,4,30 - Columbia Full Term ,Algorithmic Design I ,MW ,08:30 am-09:20 am ,24,24,0,Jeremiah Jeffrey Shepherd (P) ,08/24-12/08 ,SWGN 1C01 ,ARP Analytical Reasoning
  ,  ,  ,  ,  ,  ,  ,  ,  ,TR ,10:01 am-11:41 am ,  ,  ,  ,Jeremiah Jeffrey Shepherd (P) ,08/24-12/08 ,SWGN 1D15 ,ARP Analytical Reasoning
C ,11745,CSCE ,145,5,COL ,4,30 - Columbia Full Term ,Algorithmic Design I ,MW ,08:30 am-09:20 am ,24,24,0,Jeremiah Jeffrey Shepherd (P) ,08/24-12/08 ,SWGN 1C01 ,ARP Analytical Reasoning
  ,  ,  ,  ,  ,  ,  ,  ,  ,TR ,12:00 pm-01:50 pm ,  ,  ,  ,Jeremiah Jeffrey Shepherd (P) ,08/24-12/08 ,SWGN 1D11 ,ARP Analytical Reasoning
C ,11746,CSCE ,145,6,COL ,4,30 - Columbia Full Term ,Algorithmic Design I ,MW ,08:30 am-09:20 am ,24,24,0,Jeremiah Jeffrey Shepherd (P) ,08/24-12/08 ,SWGN 1C01 ,ARP Analytical Reasoning
  ,  ,  ,  ,  ,  ,  ,  ,  ,TR ,12:01 pm-01:41 pm ,  ,  ,  ,Jeremiah Jeffrey Shepherd (P) ,08/24-12/08 ,SWGN 1D15 ,ARP Analytical Reasoning
C ,16555,CSCE ,145,8,COL ,4,30 - Columbia Full Term ,Algorithmic Design I ,MW ,08:30 am-09:20 am ,24,24,0,Jeremiah Jeffrey Shepherd (P) ,08/24-12/08 ,SWGN 1C01 ,ARP Analytical Reasoning
  ,  ,  ,  ,  ,  ,  ,  ,  ,TR ,02:01 pm-03:41 pm ,  ,  ,  ,Jeremiah Jeffrey Shepherd (P) ,08/24-12/08 ,SWGN 1D15 ,ARP Analytical Reasoning
C ,18035,CSCE ,145,9,COL ,4,30 - Columbia Full Term ,Algorithmic Design I ,MW ,08:30 am-09:20 am ,24,24,0,Jeremiah Jeffrey Shepherd (P) ,08/24-12/08 ,SWGN 1C01 ,ARP Analytical Reasoning
  ,  ,  ,  ,  ,  ,  ,  ,  ,TR ,04:00 pm-05:40 pm ,  ,  ,  ,Jeremiah Jeffrey Shepherd (P) ,08/24-12/08 ,SWGN 1D11 ,ARP Analytical Reasoning
SR ,20945,CSCE ,145,13,COL ,4,30 - Columbia Full Term ,Algorithmic Design I ,MW ,08:00 am-09:40 am ,24,19,5,James Paul O'Reilly (P) ,08/24-12/08 ,SWGN 1D11 ,ARP Analytical Reasoning
  ,  ,  ,  ,  ,  ,  ,  ,  ,TR ,08:30 am-09:20 am ,  ,  ,  ,James Paul O'Reilly (P) ,08/24-12/08 ,SWGN 1C01 ,ARP Analytical Reasoning
SR ,20947,CSCE ,145,15,COL ,4,30 - Columbia Full Term ,Algorithmic Design I ,MW ,10:00 am-11:40 am ,24,23,1,James Paul O'Reilly (P) ,08/24-12/08 ,SWGN 1D11 ,ARP Analytical Reasoning
  ,  ,  ,  ,  ,  ,  ,  ,  ,TR ,08:30 am-09:20 am ,  ,  ,  ,James Paul O'Reilly (P) ,08/24-12/08 ,SWGN 1C01 ,ARP Analytical Reasoning
C ,20948,CSCE ,145,16,COL ,4,30 - Columbia Full Term ,Algorithmic Design I ,MW ,10:00 am-11:40 am ,24,24,0,James Paul O'Reilly (P) ,08/24-12/08 ,SWGN 1D15 ,ARP Analytical Reasoning
  ,  ,  ,  ,  ,  ,  ,  ,  ,TR ,08:30 am-09:20 am ,  ,  ,  ,James Paul O'Reilly (P) ,08/24-12/08 ,SWGN 1C01 ,ARP Analytical Reasoning
C ,21894,CSCE ,145,17,COL ,4,30 - Columbia Full Term ,Algorithmic Design I ,MW ,12:00 pm-01:40 pm ,24,24,0,James Paul O'Reilly (P) ,08/24-12/08 ,SWGN 1D11 ,ARP Analytical Reasoning
  ,  ,  ,  ,  ,  ,  ,  ,  ,TR ,08:30 am-09:20 am ,  ,  ,  ,James Paul O'Reilly (P) ,08/24-12/08 ,SWGN 1C01 ,ARP Analytical Reasoning
C ,21895,CSCE ,145,18,COL ,4,30 - Columbia Full Term ,Algorithmic Design I ,MW ,12:00 pm-01:40 pm ,24,24,0,James Paul O'Reilly (P) ,08/24-12/08 ,SWGN 1D15 ,ARP Analytical Reasoning
  ,  ,  ,  ,  ,  ,  ,  ,  ,TR ,08:30 am-09:20 am ,  ,  ,  ,James Paul O'Reilly (P) ,08/24-12/08 ,SWGN 1C01 ,ARP Analytical Reasoning
SR ,21896,CSCE ,145,19,COL ,4,30 - Columbia Full Term ,Algorithmic Design I ,MW ,02:00 pm-03:40 pm ,24,23,1,James Paul O'Reilly (P) ,08/24-12/08 ,SWGN 1D11 ,ARP Analytical Reasoning
  ,  ,  ,  ,  ,  ,  ,  ,  ,TR ,08:30 am-09:20 am ,  ,  ,  ,James Paul O'Reilly (P) ,08/24-12/08 ,SWGN 1C01 ,ARP Analytical Reasoning
SR ,21897,CSCE ,145,20,COL ,4,30 - Columbia Full Term ,Algorithmic Design I ,MW ,02:00 pm-03:40 pm ,24,16,8,James Paul O'Reilly (P) ,08/24-12/08 ,SWGN 1D15 ,ARP Analytical Reasoning
  ,  ,  ,  ,  ,  ,  ,  ,  ,TR ,08:30 am-09:20 am ,  ,  ,  ,James Paul O'Reilly (P) ,08/24-12/08 ,SWGN 1C01 ,ARP Analytical Reasoning
SR ,21898,CSCE ,145,21,COL ,4,30 - Columbia Full Term ,Algorithmic Design I ,MW ,04:00 pm-05:40 pm ,24,18,6,James Paul O'Reilly (P) ,08/24-12/08 ,SWGN 1D11 ,ARP Analytical Reasoning
  ,  ,  ,  ,  ,  ,  ,  ,  ,TR ,08:30 am-09:20 am ,  ,  ,  ,James Paul O'Reilly (P) ,08/24-12/08 ,SWGN 1C01 ,ARP Analytical Reasoning
SR ,22909,CSCE ,145,25,COL ,4,30 - Columbia Full Term ,Algorithmic Design I ,MW ,08:30 am-09:20 am ,24,15,9,Jeremiah Jeffrey Shepherd (P) ,08/24-12/08 ,SWGN 1C01 ,ARP Analytical Reasoning
  ,  ,  ,  ,  ,  ,  ,  ,  ,TR ,06:00 pm-07:40 pm ,  ,  ,  ,Jeremiah Jeffrey Shepherd (P) ,08/24-12/08 ,SWGN 1D11 ,ARP Analytical Reasoning
C ,23924,CSCE ,145,26,COL ,4,30 - Columbia Full Term ,Algorithmic Design I ,MW ,01:10 pm-02:00 pm ,24,24,0,James Paul O'Reilly (P) ,08/24-12/08 ,300MN B103 ,ARP Analytical Reasoning
  ,  ,  ,  ,  ,  ,  ,  ,  ,MW ,04:00 pm-05:40 pm ,  ,  ,  ,James Paul O'Reilly (P) ,08/24-12/08 ,SWGN 1D15 ,ARP Analytical Reasoning
C ,23974,CSCE ,145,27,COL ,4,30 - Columbia Full Term ,Algorithmic Design I ,MW ,01:10 pm-02:00 pm ,24,24,0,James Paul O'Reilly (P) ,08/24-12/08 ,300MN B103 ,ARP Analytical Reasoning
  ,  ,  ,  ,  ,  ,  ,  ,  ,TR ,02:00 pm-03:40 pm ,  ,  ,  ,James Paul O'Reilly (P) ,08/24-12/08 ,SWGN 1D11 ,ARP Analytical Reasoning
SR ,25219,CSCE ,145,H01 ,COL ,4,30 - Columbia Full Term ,HNRS: Algorithmic Design I ,MW ,01:10 pm-02:00 pm ,24,23,1,Jeremiah Jeffrey Shepherd (P) ,08/24-12/08 ,SWGN 2A21 ,ARP Analytical Reasoning and SC Honors College
  ,  ,  ,  ,  ,  ,  ,  ,  ,TR ,08:00 am-09:40 am ,  ,  ,  ,Jeremiah Jeffrey Shepherd (P) ,08/24-12/08 ,SWGN 1D15 ,ARP Analytical Reasoning and SC Honors College
SR ,11749,CSCE ,146,1,COL ,4,30 - Columbia Full Term ,Algorithmic Design II ,TR ,10:05 am-11:20 am ,24,19,5,Jeremiah Jeffrey Shepherd (P) ,08/24-12/08 ,SWGN 1C01 , 
  ,  ,  ,  ,  ,  ,  ,  ,  ,F ,08:00 am-09:40 am ,  ,  ,  ,Jeremiah Jeffrey Shepherd (P) ,08/24-12/08 ,SWGN 1D11 , 
SR ,11751,CSCE ,146,2,COL ,4,30 - Columbia Full Term ,Algorithmic Design II ,TR ,10:05 am-11:20 am ,24,18,6,Jeremiah Jeffrey Shepherd (P) ,08/24-12/08 ,SWGN 1C01 , 
  ,  ,  ,  ,  ,  ,  ,  ,  ,F ,08:00 am-09:40 am ,  ,  ,  ,Jeremiah Jeffrey Shepherd (P) ,08/24-12/08 ,SWGN 1D15 , 
SR ,11754,CSCE ,146,3,COL ,4,30 - Columbia Full Term ,Algorithmic Design II ,TR ,10:05 am-11:20 am ,24,23,1,Jeremiah Jeffrey Shepherd (P) ,08/24-12/08 ,SWGN 1C01 , 
  ,  ,  ,  ,  ,  ,  ,  ,  ,F ,10:00 am-11:40 am ,  ,  ,  ,Jeremiah Jeffrey Shepherd (P) ,08/24-12/08 ,SWGN 1D11 , 
C ,11763,CSCE ,146,5,COL ,4,30 - Columbia Full Term ,Algorithmic Design II ,TR ,10:05 am-11:20 am ,24,24,0,Jeremiah Jeffrey Shepherd (P) ,08/24-12/08 ,SWGN 1C01 , 
  ,  ,  ,  ,  ,  ,  ,  ,  ,F ,12:00 pm-01:40 pm ,  ,  ,  ,Jeremiah Jeffrey Shepherd (P) ,08/24-12/08 ,SWGN 1D11 , 
SR ,22313,CSCE ,146,7,COL ,4,30 - Columbia Full Term ,Algorithmic Design II ,TR ,10:05 am-11:20 am ,24,23,1,Jeremiah Jeffrey Shepherd (P) ,08/24-12/08 ,SWGN 1C01 , 
  ,  ,  ,  ,  ,  ,  ,  ,  ,F ,02:00 pm-03:40 pm ,  ,  ,  ,Jeremiah Jeffrey Shepherd (P) ,08/24-12/08 ,SWGN 1D11 , 
SR ,12642,CSCE ,190,1,COL ,1,30 - Columbia Full Term ,Computing in the Modern World ,T ,06:00 pm-06:50 pm ,330,328,2,Marco Valtorta (P) ,08/24-12/08 ,SWGN 1C01 , 
SR ,11731,CSCE ,201,1,COL ,3,30 - Columbia Full Term ,Introduction to Computer Security ,MW ,04:25 pm-05:40 pm ,35,13,22,Neema Jeevan Kanapala (P) ,08/24-12/08 ,300MN B111 , 
SR ,20587,CSCE ,201,2,COL ,3,30 - Columbia Full Term ,Introduction to Computer Security ,TR ,02:50 pm-04:05 pm ,35,27,8,Neema Jeevan Kanapala (P) ,08/24-12/08 ,300MN B213 , 
C ,11730,CSCE ,204,1,COL ,3,30 - Columbia Full Term ,Program Design and Development ,MW ,08:05 am-09:20 am ,40,40,0,Mingxiang Zhu (P) ,08/24-12/08 ,SWGN 2A31 , 
SR ,12675,CSCE ,205,1,COL ,3,30 - Columbia Full Term ,Business Applications Programming ,MW ,05:30 pm-06:45 pm ,60,47,13,Christine M.G. Brown (P) ,08/24-12/08 ,SMWALT 305 , 
SR ,12705,CSCE ,206,1,COL ,3,30 - Columbia Full Term ,Scientific Applications Programming ,TR ,10:05 am-11:20 am ,60,41,19,Jianjun Hu (P) ,08/24-12/08 ,HZNPG 210 , 
SR ,12718,CSCE ,210,1,COL ,3,30 - Columbia Full Term ,Computer Hardware Foundations ,TR ,10:05 am-11:20 am ,75,46,29,Matt Eric Thatcher (P) ,08/24-12/08 ,300MN B213 , 
C ,12752,CSCE ,211,1,COL ,3,30 - Columbia Full Term ,Digital Logic Design ,TR ,10:05 am-11:20 am ,66,66,0,Chin-Tser Huang (P) ,08/24-12/08 ,SWGN 2A14 , 
C ,15492,CSCE ,211,2,COL ,3,30 - Columbia Full Term ,Digital Logic Design ,TR ,08:30 am-09:45 am ,49,49,0,Jeremy Shane Lewis (P) ,08/24-12/08 ,SWGN 2A31 , 
C ,16554,CSCE ,211,3,COL ,3,30 - Columbia Full Term ,Digital Logic Design ,TR ,02:50 pm-04:05 pm ,49,49,0,Jeremy Shane Lewis (P) ,08/24-12/08 ,SWGN 2A27 , 
SR ,24803,CSCE ,211,H01 ,COL ,3,30 - Columbia Full Term ,HNRS: Digital Logic Design ,TR ,01:15 pm-02:30 pm ,24,19,5,Chin-Tser Huang (P) ,08/24-12/08 ,SWGN 2A24 ,SC Honors College
SR ,12762,CSCE ,212,1,COL ,3,30 - Columbia Full Term ,Introduction to Computer Architecture ,TR ,01:15 pm-02:30 pm ,61,55,6,Song Wang (P) ,08/24-12/08 ,300MN B110 , 
SR ,16727,CSCE ,212,2,COL ,3,30 - Columbia Full Term ,Introduction to Computer Architecture ,MW ,05:50 pm-07:05 pm ,49,22,27,Dazhou Guo (P) ,08/24-12/08 ,SWGN 2A31 , 
C ,14194,CSCE ,215,801,COL ,1,3A - Columbia First Half Term ,UNIX/Linux Fundamentals ,MW ,08:30 am-09:20 am ,16,16,0,Patrick B. O'Keefe (P) ,08/24-10/16 ,SWGN 2A14 , 
  ,  ,  ,  ,  ,  ,  ,  ,  ,MW ,09:40 am-10:30 am ,  ,  ,  ,Patrick B. O'Keefe (P) ,08/24-10/16 ,SWGN 1D39 , 
NR ,14198,CSCE ,215,802,COL ,1,3A - Columbia First Half Term ,UNIX/Linux Fundamentals ,MW ,08:30 am-09:20 am ,16,15,1,Patrick B. O'Keefe (P) ,08/24-10/16 ,SWGN 2A14 , 
  ,  ,  ,  ,  ,  ,  ,  ,  ,MW ,10:50 am-11:40 am ,  ,  ,  ,Patrick B. O'Keefe (P) ,08/24-10/16 ,SWGN 1D39 , 
NR ,14199,CSCE ,215,803,COL ,1,3A - Columbia First Half Term ,UNIX/Linux Fundamentals ,MW ,08:30 am-09:20 am ,16,15,1,Patrick B. O'Keefe (P) ,08/24-10/16 ,SWGN 2A14 , 
  ,  ,  ,  ,  ,  ,  ,  ,  ,MW ,12:00 pm-12:50 pm ,  ,  ,  ,Patrick B. O'Keefe (P) ,08/24-10/16 ,SWGN 1D39 , 
NR ,16721,CSCE ,215,804,COL ,1,3A - Columbia First Half Term ,UNIX/Linux Fundamentals ,MW ,08:30 am-09:20 am ,16,14,2,Patrick B. O'Keefe (P) ,08/24-10/16 ,SWGN 2A14 , 
  ,  ,  ,  ,  ,  ,  ,  ,  ,MW ,01:10 pm-02:00 pm ,  ,  ,  ,Patrick B. O'Keefe (P) ,08/24-10/16 ,SWGN 1D39 , 
C ,14200,CSCE ,215,851,COL ,1,3B - Columbia Second Half Term ,UNIX/Linux Fundamentals ,MW ,08:30 am-09:20 am ,16,16,0,Patrick B. O'Keefe (P) ,10/23-12/08 ,SWGN 2A14 , 
  ,  ,  ,  ,  ,  ,  ,  ,  ,MW ,09:40 am-10:30 am ,  ,  ,  ,Patrick B. O'Keefe (P) ,10/23-12/08 ,SWGN 1D39 , 
SR ,16722,CSCE ,215,852,COL ,1,3B - Columbia Second Half Term ,UNIX/Linux Fundamentals ,MW ,08:30 am-09:20 am ,16,6,10,Patrick B. O'Keefe (P) ,10/23-12/08 ,SWGN 2A14 , 
  ,  ,  ,  ,  ,  ,  ,  ,  ,MW ,10:50 am-11:40 am ,  ,  ,  ,Patrick B. O'Keefe (P) ,10/23-12/08 ,SWGN 1D39 , 
SR ,16723,CSCE ,215,853,COL ,1,3B - Columbia Second Half Term ,UNIX/Linux Fundamentals ,MW ,08:30 am-09:20 am ,16,5,11,Patrick B. O'Keefe (P) ,10/23-12/08 ,SWGN 2A14 , 
  ,  ,  ,  ,  ,  ,  ,  ,  ,MW ,12:00 pm-12:50 pm ,  ,  ,  ,Patrick B. O'Keefe (P) ,10/23-12/08 ,SWGN 1D39 , 
SR ,24735,CSCE ,215,854,COL ,1,3B - Columbia Second Half Term ,UNIX/Linux Fundamentals ,MW ,08:30 am-09:20 am ,16,3,13,Patrick B. O'Keefe (P) ,10/23-12/08 ,SWGN 2A14 , 
  ,  ,  ,  ,  ,  ,  ,  ,  ,MW ,01:10 pm-02:00 pm ,  ,  ,  ,Patrick B. O'Keefe (P) ,10/23-12/08 ,SWGN 1D39 , 
SR ,12774,CSCE ,240,1,COL ,3,30 - Columbia Full Term ,Introduction to Software Engineering ,TR ,02:50 pm-04:05 pm ,78,61,17,Duncan A. Buell (P) ,08/24-12/08 ,300MN B201 , 
SR ,15493,CSCE ,240,2,COL ,3,30 - Columbia Full Term ,Introduction to Software Engineering ,MWF ,01:10 pm-02:00 pm ,66,56,10,Homayoun Valafar (P) ,08/24-12/08 ,SWGN 2A14 , 
SR ,17347,CSCE ,240,3,COL ,3,30 - Columbia Full Term ,Introduction to Software Engineering ,MWF ,02:20 pm-03:10 pm ,49,21,28,Casey Anne Cole (P) ,08/24-12/08 ,SWGN 2A31 , 
SR ,24804,CSCE ,240,H01 ,COL ,3,30 - Columbia Full Term ,HNRS: Introduction to Software Engineering ,TR ,10:05 am-11:20 am ,24,18,6,Duncan A. Buell (P) ,08/24-12/08 ,SWGN 2A24 ,SC Honors College
SR ,17760,CSCE ,274,1,COL ,3,30 - Columbia Full Term ,Robotic Applications and Design ,TR ,04:25 pm-05:40 pm ,36,35,1,Ioannis M Rekleitis (P) ,08/24-12/08 ,300MN B112 , 
SR ,20720,CSCE ,274,2,COL ,3,30 - Columbia Full Term ,Robotic Applications and Design ,TR ,06:00 pm-07:15 pm ,36,18,18,Alberto Quattrini Li (P) ,08/24-12/08 ,300MN B112 , 
SR ,11740,CSCE ,311,1,COL ,3,30 - Columbia Full Term ,Operating Systems ,TR ,08:30 am-09:45 am ,66,48,18,Ahmed Shehab Khan (P) ,08/24-12/08 ,SWGN 2A14 , 
SR ,17346,CSCE ,311,2,COL ,3,30 - Columbia Full Term ,Operating Systems ,TR ,04:25 pm-05:40 pm ,66,65,1,Jeremy Shane Lewis (P) ,08/24-12/08 ,SWGN 2A14 , 
SR ,12780,CSCE ,330,1,COL ,3,30 - Columbia Full Term ,Programming Language Structures ,TR ,01:15 pm-02:30 pm ,66,63,3,Marco Valtorta (P) ,08/24-12/08 ,300MN B213 , 
SR ,17974,CSCE ,330,2,COL ,3,30 - Columbia Full Term ,Programming Language Structures ,MW ,04:40 pm-05:55 pm ,66,48,18,James Paul O'Reilly (P) ,08/24-12/08 ,SWGN 2A14 , 
C ,13801,CSCE ,350,1,COL ,3,30 - Columbia Full Term ,Data Structures and Algorithms ,TR ,10:05 am-11:20 am ,50,57,-7,Gabriel Alin Terejanu (P) ,08/24-12/08 ,300MN B201 , 
SR ,17363,CSCE ,350,2,COL ,3,30 - Columbia Full Term ,Data Structures and Algorithms ,MW ,08:05 am-09:20 am ,49,46,3,Neema Jeevan Kanapala (P) ,08/24-12/08 ,SWGN 2A27 , 
SR ,14193,CSCE ,355,1,COL ,3,30 - Columbia Full Term ,Foundations of Computation ,TR ,11:40 am-12:55 pm ,78,71,7,Stephen A. Fenner (P) ,08/24-12/08 ,300MN B201 , 
C ,12791,CSCE ,390,1,COL ,1,30 - Columbia Full Term ,Professional Issues in Computer Science and Engineering ,R ,06:00 pm-06:50 pm ,125,125,0,Marco Valtorta (P) ,08/24-12/08 ,SWGN 1C01 ,VSR Values/Ethics
C ,12795,CSCE ,416,1,COL ,3,30 - Columbia Full Term ,Introduction to Computer Networks ,TR ,02:50 pm-04:05 pm ,100,100,0,Srihari Nelakuditi (P) ,08/24-12/08 ,JONES 002 , 
C ,14191,CSCE ,490,1,COL ,3,30 - Columbia Full Term ,Capstone Computing Project I ,  ,TBA ,120,120,0,Jose M Vidal (P) ,08/24-12/08 ,TBA ,GLD: Research and INT Integrative
C ,15590,CSCE ,490,2,COL ,3,30 - Columbia Full Term ,Capstone Computing Project I ,  ,TBA ,40,52,-12,Jose M Vidal (P) ,08/24-12/08 ,TBA ,GLD: Research and INT Integrative
C ,12613,CSCE ,498,1,COL ,1.000-3.000 ,30 - Columbia Full Term ,Independent Study ,  ,TBA ,1,1,0,Jason Daniel Bakos (P) ,08/24-12/08 ,TBA ,GLD: Research
SR ,12797,CSCE ,513,1,COL ,3,30 - Columbia Full Term ,Computer Architecture ,MW ,08:05 am-09:20 am ,50,39,11,Manton M. Matthews (P) ,08/24-12/08 ,WMBB 409 , 
SR ,25608,CSCE ,513,6,COL ,3,30 - Columbia Full Term ,Computer Architecture ,MW ,08:05 am-09:20 am ,23,5,18,Manton M. Matthews (P) ,08/24-12/08 ,WEB COLUMBIA , 
SR ,12798,CSCE ,513,H10 ,COL ,3,30 - Columbia Full Term ,HNRS: Computer Architecture ,MW ,08:05 am-09:20 am ,2,1,1,Manton M. Matthews (P) ,08/24-12/08 ,WMBB 409 ,SC Honors College
C ,25581,CSCE ,518,1,COL ,3,30 - Columbia Full Term ,Ethical Hacking ,TR ,04:25 pm-05:40 pm ,26,26,0,Veronica L. Wilkinson (P) ,08/24-12/08 ,SWGN 2A27 , 
SR ,13993,CSCE ,520,1,COL ,3,30 - Columbia Full Term ,Database System Design ,TR ,02:50 pm-04:05 pm ,100,54,46,Stephen A. Fenner (P) ,08/24-12/08 ,SWGN 1C01 , 
SR ,13997,CSCE ,520,H10 ,COL ,3,30 - Columbia Full Term ,HNRS: Database System Design ,TR ,02:50 pm-04:05 pm ,10,2,8,Stephen A. Fenner (P) ,08/24-12/08 ,SWGN 1C01 ,SC Honors College
C ,12829,CSCE ,522,1,COL ,3,30 - Columbia Full Term ,Information Security Principles ,TR ,01:15 pm-02:30 pm ,46,46,0,Csilla Farkas (P) ,08/24-12/08 ,WMBB 409 , 
C ,29112,CSCE ,522,2,COL ,3,30 - Columbia Full Term ,Information Security Principles ,TR ,01:15 pm-02:30 pm ,30,46,-16,Csilla Farkas (P) ,08/24-12/08 ,WEB COLUMBIA , 
SR ,16539,CSCE ,522,6,COL ,3,30 - Columbia Full Term ,Information Security Principles ,TR ,01:15 pm-02:30 pm ,9,1,8,Csilla Farkas (P) ,08/24-12/08 ,WEB COLUMBIA , 
SR ,12830,CSCE ,522,H10 ,COL ,3,30 - Columbia Full Term ,HNRS: Information Security Principles ,TR ,01:15 pm-02:30 pm ,6,5,1,Csilla Farkas (P) ,08/24-12/08 ,WMBB 409 ,SC Honors College
SR ,15161,CSCE ,552,1,COL ,3,30 - Columbia Full Term ,Computer Game Development ,F ,08:30 am-11:15 am ,40,37,3,Jijun Tang (P) ,08/24-12/08 ,300MN B112 , 
SR ,17362,CSCE ,572,1,COL ,3,30 - Columbia Full Term ,Human-Computer Interaction ,MW ,01:15 pm-02:30 pm ,39,34,5,Yan Tong (P) ,08/24-12/08 ,300MN B112 , 
SR ,22190,CSCE ,574,1,COL ,3,30 - Columbia Full Term ,Robotics ,MW ,11:40 am-12:55 pm ,32,19,13,Alberto Quattrini Li (P) ,08/24-12/08 ,300MN B112 , 
SR ,18578,CSCE ,587,1,COL ,3,30 - Columbia Full Term ,Big Data Analytics ,TR ,10:05 am-11:20 am ,34,33,1,John R. Rose (P) ,08/24-12/08 ,SWGN 1D29 , 
SR ,24889,CSCE ,587,2,COL ,3,30 - Columbia Full Term ,Big Data Analytics ,TR ,08:30 am-09:45 am ,34,33,1,John R. Rose (P) ,08/24-12/08 ,SWGN 1D29 , 
C ,12833,CSCE ,611,1,COL ,3,30 - Columbia Full Term ,Advanced Digital Design ,MW ,03:55 pm-05:10 pm ,40,40,0,Jason Daniel Bakos (P) ,08/24-12/08 ,SWGN 2A31 , 
SR ,18629,CSCE ,740,1,COL ,3,30 - Columbia Full Term ,Software Engineering ,TR ,08:30 am-09:45 am ,28,18,10,Gregory James Gay (P) ,08/24-12/08 ,SWGN 2A05 , 
SR ,18630,CSCE ,740,6,COL ,3,30 - Columbia Full Term ,Software Engineering ,TR ,08:30 am-09:45 am ,22,6,16,Gregory James Gay (P) ,08/24-12/08 ,WEB COLUMBIA , 
SR ,25398,CSCE ,741,1,COL ,3,30 - Columbia Full Term ,Software Process ,MW ,02:20 pm-03:35 pm ,40,10,30,Manton M. Matthews (P) ,08/24-12/08 ,WMBB 409 , 
SR ,25399,CSCE ,741,6,COL ,3,30 - Columbia Full Term ,Software Process ,MW ,02:20 pm-03:35 pm ,50,1,49,Manton M. Matthews (P) ,08/24-12/08 ,WEB COLUMBIA , 
SR ,12841,CSCE ,750,1,COL ,3,30 - Columbia Full Term ,Analysis of Algorithms ,TR ,11:40 am-12:55 pm ,50,46,4,Jason Matthew Okane (P) ,08/24-12/08 ,WMBB 409 , 
SR ,16730,CSCE ,750,6,COL ,3,30 - Columbia Full Term ,Analysis of Algorithms ,TR ,11:40 am-12:55 pm ,28,3,25,Jason Matthew Okane (P) ,08/24-12/08 ,WEB COLUMBIA , 
SR ,24816,CSCE ,768,1,COL ,3,30 - Columbia Full Term ,Pattern Recognition and Classification ,TR ,02:50 pm-04:05 pm ,28,27,1,Jianjun Hu (P) ,08/24-12/08 ,SWGN 2A05 , 
SR ,24818,CSCE ,768,6,COL ,3,30 - Columbia Full Term ,Pattern Recognition and Classification ,TR ,02:50 pm-04:05 pm ,28,2,26,Jianjun Hu (P) ,08/24-12/08 ,WEB COLUMBIA , 
SR ,23224,CSCE ,790,1,COL ,1.000-3.000 ,30 - Columbia Full Term ,Topics in Information Technology ,MW ,12:00 pm-01:15 pm ,20,1,19,Yonghong Yan (P) ,08/24-12/08 ,SWGN 2A19 , 
SR ,28374,CSCE ,790,2,COL ,3,30 - Columbia Full Term ,Topic: Quantum Computation and Information ,TR ,01:15 pm-02:30 pm ,10,9,1,Stephen A. Fenner (P) ,08/24-12/08 ,SWGN 3A75 , 
SR ,15609,CSCE ,791,1,COL ,1,30 - Columbia Full Term ,Seminar in Advances in Computing ,F ,02:20 pm-03:10 pm ,49,24,25,Gregory James Gay (P) ,08/24-12/08 ,SWGN 2A14 , 
C ,29908,CSCE ,793,1,COL ,1,30 - Columbia Full Term ,Internship in Software Engineering ,  ,TBA ,1,1,0,Jason Matthew Okane (P) ,08/24-12/08 ,TBA , 
SR ,12615,CSCE ,798,1,COL ,1.000-12.000 ,30 - Columbia Full Term ,Directed Study and Research ,  ,TBA ,50,2,48,Jason Daniel Bakos (P) ,08/24-12/08 ,TBA , 
SR ,12617,CSCE ,798,2,COL ,1.000-12.000 ,30 - Columbia Full Term ,Directed Study and Research ,  ,TBA ,50,1,49,Jenay Michelle Beer (P) ,08/24-12/08 ,TBA , 
SR ,12619,CSCE ,798,3,COL ,1.000-12.000 ,30 - Columbia Full Term ,Directed Study and Research ,  ,TBA ,50,0,50,Duncan A. Buell (P) ,08/24-12/08 ,TBA , 
SR ,12620,CSCE ,798,4,COL ,1.000-12.000 ,30 - Columbia Full Term ,Directed Study and Research ,  ,TBA ,50,1,49,Csilla Farkas (P) ,08/24-12/08 ,TBA , 
SR ,12622,CSCE ,798,5,COL ,1.000-12.000 ,30 - Columbia Full Term ,Directed Study and Research ,  ,TBA ,50,0,50,Stephen A. Fenner (P) ,08/24-12/08 ,TBA , 
SR ,12623,CSCE ,798,6,COL ,1.000-12.000 ,30 - Columbia Full Term ,Directed Study and Research ,  ,TBA ,50,0,50,Gregory James Gay (P) ,08/24-12/08 ,TBA , 
SR ,12624,CSCE ,798,7,COL ,1.000-12.000 ,30 - Columbia Full Term ,Directed Study and Research ,  ,TBA ,50,0,50,Jianjun Hu (P) ,08/24-12/08 ,TBA , 
SR ,18751,CSCE ,798,8,COL ,1.000-12.000 ,30 - Columbia Full Term ,Directed Study and Research ,  ,TBA ,50,1,49,Chin-Tser Huang (P) ,08/24-12/08 ,TBA , 
SR ,12625,CSCE ,798,9,COL ,1.000-12.000 ,30 - Columbia Full Term ,Directed Study and Research ,  ,TBA ,50,0,50,Michael N. Huhns (P) ,08/24-12/08 ,TBA , 
SR ,12628,CSCE ,798,10,COL ,1.000-12.000 ,30 - Columbia Full Term ,Directed Study and Research ,  ,TBA ,50,0,50,Manton M. Matthews (P) ,08/24-12/08 ,TBA , 
SR ,12630,CSCE ,798,11,COL ,1.000-12.000 ,30 - Columbia Full Term ,Directed Study and Research ,  ,TBA ,50,0,50,Srihari Nelakuditi (P) ,08/24-12/08 ,TBA , 
SR ,12633,CSCE ,798,12,COL ,1.000-12.000 ,30 - Columbia Full Term ,Directed Study and Research ,  ,TBA ,50,2,48,Jason Matthew Okane (P) ,08/24-12/08 ,TBA , 
SR ,12634,CSCE ,798,13,COL ,1.000-12.000 ,30 - Columbia Full Term ,Directed Study and Research ,  ,TBA ,50,3,47,Ioannis M Rekleitis (P) ,08/24-12/08 ,TBA , 
SR ,12636,CSCE ,798,14,COL ,1.000-12.000 ,30 - Columbia Full Term ,Directed Study and Research ,  ,TBA ,50,1,49,John R. Rose (P) ,08/24-12/08 ,TBA , 
SR ,12637,CSCE ,798,15,COL ,1.000-12.000 ,30 - Columbia Full Term ,Directed Study and Research ,  ,TBA ,50,0,50,Jijun Tang (P) ,08/24-12/08 ,TBA , 
SR ,12640,CSCE ,798,16,COL ,1.000-12.000 ,30 - Columbia Full Term ,Directed Study and Research ,  ,TBA ,50,0,50,Gabriel Alin Terejanu (P) ,08/24-12/08 ,TBA , 
SR ,12644,CSCE ,798,17,COL ,1.000-12.000 ,30 - Columbia Full Term ,Directed Study and Research ,  ,TBA ,50,0,50,Matt Eric Thatcher (P) ,08/24-12/08 ,TBA , 
SR ,12645,CSCE ,798,18,COL ,1.000-12.000 ,30 - Columbia Full Term ,Directed Study and Research ,  ,TBA ,50,0,50,Yan Tong (P) ,08/24-12/08 ,TBA , 
SR ,12650,CSCE ,798,19,COL ,1.000-12.000 ,30 - Columbia Full Term ,Directed Study and Research ,  ,TBA ,50,0,50,Homayoun Valafar (P) ,08/24-12/08 ,TBA , 
SR ,12655,CSCE ,798,20,COL ,1.000-12.000 ,30 - Columbia Full Term ,Directed Study and Research ,  ,TBA ,50,1,49,Marco Valtorta (P) ,08/24-12/08 ,TBA , 
SR ,12660,CSCE ,798,21,COL ,1.000-12.000 ,30 - Columbia Full Term ,Directed Study and Research ,  ,TBA ,50,1,49,Jose M Vidal (P) ,08/24-12/08 ,TBA , 
SR ,12664,CSCE ,798,22,COL ,1.000-12.000 ,30 - Columbia Full Term ,Directed Study and Research ,  ,TBA ,50,0,50,Song Wang (P) ,08/24-12/08 ,TBA , 
SR ,18753,CSCE ,798,23,COL ,1.000-12.000 ,30 - Columbia Full Term ,Directed Study and Research ,  ,TBA ,50,0,50,Wenyuan Xu (P) ,08/24-12/08 ,TBA , 
SR ,21909,CSCE ,798,24,COL ,1.000-12.000 ,30 - Columbia Full Term ,Directed Study and Research ,  ,TBA ,50,1,49,Yonghong Yan (P) ,08/24-12/08 ,TBA , 
SR ,30348,CSCE ,798,25,COL ,1.000-12.000 ,30 - Columbia Full Term ,Directed Study and Research ,  ,TBA ,50,0,50,Lannan Luo (P) ,08/24-12/08 ,TBA , 
SR ,12672,CSCE ,799,1,COL ,1.000-12.000 ,30 - Columbia Full Term ,Thesis Preparation ,  ,TBA ,50,1,49,Jason Daniel Bakos (P) ,08/24-12/08 ,TBA , 
SR ,12680,CSCE ,799,2,COL ,1.000-12.000 ,30 - Columbia Full Term ,Thesis Preparation ,  ,TBA ,50,0,50,Jenay Michelle Beer (P) ,08/24-12/08 ,TBA , 
SR ,12690,CSCE ,799,3,COL ,1.000-12.000 ,30 - Columbia Full Term ,Thesis Preparation ,  ,TBA ,50,0,50,Duncan A. Buell (P) ,08/24-12/08 ,TBA , 
SR ,12694,CSCE ,799,4,COL ,1.000-12.000 ,30 - Columbia Full Term ,Thesis Preparation ,  ,TBA ,50,0,50,Csilla Farkas (P) ,08/24-12/08 ,TBA , 
SR ,12697,CSCE ,799,5,COL ,1.000-12.000 ,30 - Columbia Full Term ,Thesis Preparation ,  ,TBA ,50,0,50,Stephen A. Fenner (P) ,08/24-12/08 ,TBA , 
SR ,12701,CSCE ,799,6,COL ,1.000-12.000 ,30 - Columbia Full Term ,Thesis Preparation ,  ,TBA ,50,2,48,Gregory James Gay (P) ,08/24-12/08 ,TBA , 
SR ,12704,CSCE ,799,7,COL ,1.000-12.000 ,30 - Columbia Full Term ,Thesis Preparation ,  ,TBA ,50,0,50,Jianjun Hu (P) ,08/24-12/08 ,TBA , 
SR ,18758,CSCE ,799,8,COL ,1.000-12.000 ,30 - Columbia Full Term ,Thesis Preparation ,  ,TBA ,50,0,50,Chin-Tser Huang (P) ,08/24-12/08 ,TBA , 
SR ,12711,CSCE ,799,9,COL ,1.000-12.000 ,30 - Columbia Full Term ,Thesis Preparation ,  ,TBA ,50,0,50,Michael N. Huhns (P) ,08/24-12/08 ,TBA , 
SR ,12714,CSCE ,799,10,COL ,1.000-12.000 ,30 - Columbia Full Term ,Thesis Preparation ,  ,TBA ,50,0,50,Manton M. Matthews (P) ,08/24-12/08 ,TBA , 
SR ,12716,CSCE ,799,11,COL ,1.000-12.000 ,30 - Columbia Full Term ,Thesis Preparation ,  ,TBA ,50,0,50,Srihari Nelakuditi (P) ,08/24-12/08 ,TBA , 
SR ,12721,CSCE ,799,12,COL ,1.000-12.000 ,30 - Columbia Full Term ,Thesis Preparation ,  ,TBA ,50,0,50,Jason Matthew Okane (P) ,08/24-12/08 ,TBA , 
SR ,12725,CSCE ,799,13,COL ,1.000-12.000 ,30 - Columbia Full Term ,Thesis Preparation ,  ,TBA ,50,0,50,Ioannis M Rekleitis (P) ,08/24-12/08 ,TBA , 
SR ,12731,CSCE ,799,14,COL ,1.000-12.000 ,30 - Columbia Full Term ,Thesis Preparation ,  ,TBA ,50,1,49,John R. Rose (P) ,08/24-12/08 ,TBA , 
SR ,12740,CSCE ,799,15,COL ,1.000-12.000 ,30 - Columbia Full Term ,Thesis Preparation ,  ,TBA ,50,0,50,Jijun Tang (P) ,08/24-12/08 ,TBA , 
SR ,12743,CSCE ,799,16,COL ,1.000-12.000 ,30 - Columbia Full Term ,Thesis Preparation ,  ,TBA ,50,0,50,Gabriel Alin Terejanu (P) ,08/24-12/08 ,TBA , 
SR ,12746,CSCE ,799,17,COL ,1.000-12.000 ,30 - Columbia Full Term ,Thesis Preparation ,  ,TBA ,50,1,49,Matt Eric Thatcher (P) ,08/24-12/08 ,TBA , 
SR ,12749,CSCE ,799,18,COL ,1.000-12.000 ,30 - Columbia Full Term ,Thesis Preparation ,  ,TBA ,50,0,50,Yan Tong (P) ,08/24-12/08 ,TBA , 
SR ,12750,CSCE ,799,19,COL ,1.000-12.000 ,30 - Columbia Full Term ,Thesis Preparation ,  ,TBA ,50,0,50,Homayoun Valafar (P) ,08/24-12/08 ,TBA , 
SR ,12751,CSCE ,799,20,COL ,1.000-12.000 ,30 - Columbia Full Term ,Thesis Preparation ,  ,TBA ,50,0,50,Marco Valtorta (P) ,08/24-12/08 ,TBA , 
SR ,12754,CSCE ,799,21,COL ,1.000-12.000 ,30 - Columbia Full Term ,Thesis Preparation ,  ,TBA ,50,0,50,Jose M Vidal (P) ,08/24-12/08 ,TBA , 
SR ,12755,CSCE ,799,22,COL ,1.000-12.000 ,30 - Columbia Full Term ,Thesis Preparation ,  ,TBA ,50,0,50,Song Wang (P) ,08/24-12/08 ,TBA , 
SR ,18760,CSCE ,799,23,COL ,1.000-12.000 ,30 - Columbia Full Term ,Thesis Preparation ,  ,TBA ,50,0,50,Wenyuan Xu (P) ,08/24-12/08 ,TBA , 
SR ,21910,CSCE ,799,24,COL ,1.000-12.000 ,30 - Columbia Full Term ,Thesis Preparation ,  ,TBA ,50,0,50,Lannan Luo (P) ,08/24-12/08 ,TBA , 
SR ,18577,CSCE ,813,1,COL ,3,30 - Columbia Full Term ,Internet Security ,TR ,01:15 pm-02:30 pm ,22,14,8,TBA ,08/24-12/08 ,SWGN 2A05 , 
SR ,22202,CSCE ,813,6,COL ,3,30 - Columbia Full Term ,Internet Security ,TR ,01:15 pm-02:30 pm ,22,1,21,TBA ,08/24-12/08 ,WEB COLUMBIA , 
SR ,12756,CSCE ,899,1,COL ,1.000-12.000 ,30 - Columbia Full Term ,Dissertation Preparation ,  ,TBA ,50,1,49,Jason Daniel Bakos (P) ,08/24-12/08 ,TBA , 
SR ,12757,CSCE ,899,2,COL ,1.000-12.000 ,30 - Columbia Full Term ,Dissertation Preparation ,  ,TBA ,50,2,48,Jenay Michelle Beer (P) ,08/24-12/08 ,TBA , 
SR ,12759,CSCE ,899,3,COL ,1.000-12.000 ,30 - Columbia Full Term ,Dissertation Preparation ,  ,TBA ,50,0,50,Duncan A. Buell (P) ,08/24-12/08 ,TBA , 
SR ,12760,CSCE ,899,4,COL ,1.000-12.000 ,30 - Columbia Full Term ,Dissertation Preparation ,  ,TBA ,50,6,44,Csilla Farkas (P) ,08/24-12/08 ,TBA , 
SR ,12763,CSCE ,899,5,COL ,1.000-12.000 ,30 - Columbia Full Term ,Dissertation Preparation ,  ,TBA ,50,0,50,Stephen A. Fenner (P) ,08/24-12/08 ,TBA , 
SR ,12764,CSCE ,899,6,COL ,1.000-12.000 ,30 - Columbia Full Term ,Dissertation Preparation ,  ,TBA ,50,1,49,Gregory James Gay (P) ,08/24-12/08 ,TBA , 
SR ,12767,CSCE ,899,7,COL ,1.000-12.000 ,30 - Columbia Full Term ,Dissertation Preparation ,  ,TBA ,50,2,48,Jianjun Hu (P) ,08/24-12/08 ,TBA , 
SR ,18775,CSCE ,899,8,COL ,1.000-12.000 ,30 - Columbia Full Term ,Dissertation Preparation ,  ,TBA ,50,1,49,Chin-Tser Huang (P) ,08/24-12/08 ,TBA , 
SR ,12768,CSCE ,899,9,COL ,1.000-12.000 ,30 - Columbia Full Term ,Dissertation Preparation ,  ,TBA ,50,0,50,Michael N. Huhns (P) ,08/24-12/08 ,TBA , 
SR ,12770,CSCE ,899,10,COL ,1.000-12.000 ,30 - Columbia Full Term ,Dissertation Preparation ,  ,TBA ,50,0,50,Manton M. Matthews (P) ,08/24-12/08 ,TBA , 
SR ,12772,CSCE ,899,11,COL ,1.000-12.000 ,30 - Columbia Full Term ,Dissertation Preparation ,  ,TBA ,50,1,49,Srihari Nelakuditi (P) ,08/24-12/08 ,TBA , 
SR ,12775,CSCE ,899,12,COL ,1.000-12.000 ,30 - Columbia Full Term ,Dissertation Preparation ,  ,TBA ,50,2,48,Jason Matthew Okane (P) ,08/24-12/08 ,TBA , 
SR ,12776,CSCE ,899,13,COL ,1.000-12.000 ,30 - Columbia Full Term ,Dissertation Preparation ,  ,TBA ,50,2,48,Ioannis M Rekleitis (P) ,08/24-12/08 ,TBA , 
SR ,12778,CSCE ,899,14,COL ,1.000-12.000 ,30 - Columbia Full Term ,Dissertation Preparation ,  ,TBA ,50,2,48,John R. Rose (P) ,08/24-12/08 ,TBA , 
SR ,12779,CSCE ,899,15,COL ,1.000-12.000 ,30 - Columbia Full Term ,Dissertation Preparation ,  ,TBA ,50,3,47,Jijun Tang (P) ,08/24-12/08 ,TBA , 
SR ,12781,CSCE ,899,16,COL ,1.000-12.000 ,30 - Columbia Full Term ,Dissertation Preparation ,  ,TBA ,50,4,46,Gabriel Alin Terejanu (P) ,08/24-12/08 ,TBA , 
SR ,12782,CSCE ,899,17,COL ,1.000-12.000 ,30 - Columbia Full Term ,Dissertation Preparation ,  ,TBA ,50,0,50,Matt Eric Thatcher (P) ,08/24-12/08 ,TBA , 
SR ,12784,CSCE ,899,18,COL ,1.000-12.000 ,30 - Columbia Full Term ,Dissertation Preparation ,  ,TBA ,50,2,48,Yan Tong (P) ,08/24-12/08 ,TBA , 
SR ,12787,CSCE ,899,19,COL ,1.000-12.000 ,30 - Columbia Full Term ,Dissertation Preparation ,  ,TBA ,50,2,48,Homayoun Valafar (P) ,08/24-12/08 ,TBA , 
SR ,12788,CSCE ,899,20,COL ,1.000-12.000 ,30 - Columbia Full Term ,Dissertation Preparation ,  ,TBA ,50,2,48,Marco Valtorta (P) ,08/24-12/08 ,TBA , 
SR ,12790,CSCE ,899,21,COL ,1.000-12.000 ,30 - Columbia Full Term ,Dissertation Preparation ,  ,TBA ,50,4,46,Jose M Vidal (P) ,08/24-12/08 ,TBA , 
SR ,12792,CSCE ,899,22,COL ,1.000-12.000 ,30 - Columbia Full Term ,Dissertation Preparation ,  ,TBA ,50,5,45,Song Wang (P) ,08/24-12/08 ,TBA , 
SR ,18776,CSCE ,899,23,COL ,1.000-12.000 ,30 - Columbia Full Term ,Dissertation Preparation ,  ,TBA ,50,2,48,Wenyuan Xu (P) ,08/24-12/08 ,TBA , 
SR ,21911,CSCE ,899,24,COL ,1.000-12.000 ,30 - Columbia Full Term ,Dissertation Preparation ,  ,TBA ,50,0,50,Yonghong Yan (P) ,08/24-12/08 ,TBA , 
SR ,30350,CSCE ,899,25,COL ,1.000-12.000 ,30 - Columbia Full Term ,Dissertation Preparation ,  ,TBA ,50,0,50,Lannan Luo (P) ,08/24-12/08 ,TBA , 
